Valor original,Valor centrado (offset)
9.0,1.7000000000000002
6.0,-1.2999999999999998
7.0,-0.2999999999999998
9.0,1.7000000000000002
3.0,-4.3
10.0,2.7
10.0,2.7
7.0,-0.2999999999999998
8.0,0.7000000000000002
4.0,-3.3
